﻿Edd Discount Name,Edd Discount Code,Edd Discount Amount,Edd Discount Type,Edd Discount Uses,Edd Discount Max Uses,Edd Discount Is Single Use,Edd Discount Start,Edd Discount Expiration,Edd Discount Status,Edd Discount Product Condition,Edd Discount Is Not Global,Edd Discount Min Price,Edd Discount Product Reqs,Title,URL Slug,Date,Modified Date,Status,Edd Discount Excluded Products,Post typeDiscount -$e for mp3 lease for Jaclyn Gee,4yNlrbN1Cq,e,flat,,1,,q 00:00,w 23:59,active,all,,,,Perry@GoodFridayEnt.com,jaclyngee_addicted,21-10-10 15:36:48,21-10-10 15:36:48,active,,edd_discount
Discount -$ for mp3 lease for Geminiraps,6HwC4Dg9Lr,,flat,,1,, 00:00, 23:59,active,all,,,,geminiraps4ever@gmail.com,geminiraps_catch,21-10-20 13:00:32,21-10-20 13:00:32,active,,edd_discount
Discount -$ for mp3 lease for Wreckone,iKJsVbhJjS,,flat,,1,, 00:00, 23:59,active,all,,,,wreckone79@outlook.com,wreckone_christmas,21-10-20 13:00:32,21-10-20 13:00:32,active,,edd_discount
Discount -$ for mp3 lease for Flint,WnzHYrEPWE,,flat,,1,, 00:00, 23:59,active,all,,,,yungflintstone@gmail.com,flint_lost,21-10-20 13:00:32,21-10-20 13:00:32,active,,edd_discount
Discount -$ for mp3 lease for Mano Feeh,8loZYt5guG,,flat,,1,, 00:00, 23:59,active,all,,,,mcmanofehh@gmail.com,manofeeh_vem,21-10-20 13:00:32,21-10-20 13:00:32,active,,edd_discount
Discount -$ for mp3 lease for Naskarmoney,pmFcJjDQKF,,flat,,1,, 00:00, 23:59,active,all,,,,juggmanebb@icloud.com,nakarmoney_yes,21-10-20 13:00:32,21-10-20 13:00:32,active,,edd_discount
Discount -$ for mp3 lease for Original Hotboyturk,lwzAB6zBwq,,flat,,1,, 00:00, 23:59,active,all,,,,BOOKHOTBOYTURK@GMAIL.COM,originalhotboyturk_the,21-10-20 13:00:32,21-10-20 13:00:32,active,,edd_discount
Discount -$ for mp3 lease for Tame The Waivs,mbLnRczrKy,,flat,,1,, 00:00, 23:59,active,all,,,,waivsfrfr@gmail.com,tamethewaivs_floral,21-10-20 13:00:32,21-10-20 13:00:32,active,,edd_discount
Discount -$ for mp3 lease for Dazdanky,9rlFDXT1pN,,flat,,1,, 00:00, 23:59,active,all,,,,dazdankyofficial@yahoo.com,dazdanky_h2hk,21-10-20 13:00:32,21-10-20 13:00:32,active,,edd_discount
Discount -$ for mp3 lease for Savvymike,u16cqtADrb,,flat,,1,, 00:00, 23:59,active,all,,,,savvymike96@gmail.com,savvymike_gods,21-10-20 13:00:32,21-10-20 13:00:32,active,,edd_discount
Discount -$ for mp3 lease for Dripwitduhfit,PUjzckwtdG,,flat,,1,, 00:00, 23:59,active,all,,,,StupeKids@gmail.com,dripwitduhfit_up,21-10-20 13:00:32,21-10-20 13:00:32,active,,edd_discount
Discount -$ for mp3 lease for Ty Writer,vJDLXARFrX,,flat,,1,, 00:00, 23:59,active,all,,,,ty.writer.music@gmail.com,tywriter_numbers,21-10-20 13:00:32,21-10-20 13:00:32,active,,edd_discount
Discount -$ for mp3 lease for L Phantom,vO7wJgtPhE,,flat,,1,, 00:00, 23:59,active,all,,,,mawilso15@gmail.com,lphantom_why,21-10-20 13:00:32,21-10-20 13:00:32,active,,edd_discount
Discount -$ for mp3 lease for Supraslime,UZDln1lcRc,,flat,,1,, 00:00, 23:59,active,all,,,,itswillyesko@gmail.com,supraslime_moneybagg,21-10-20 13:00:32,21-10-20 13:00:32,active,,edd_discount
Discount -$ for mp3 lease for Bishop Montana,N1c5g1GnZR,,flat,,1,, 00:00, 23:59,active,all,,,,Kingshal1997@gmail.com,bishopmontana_misfits,21-10-20 13:00:32,21-10-20 13:00:32,active,,edd_discount
Discount -$ for mp3 lease for Nbgchopjr./dakid5hunit/moebounxe,3BWjenIJBq,,flat,,1,, 00:00, 23:59,active,all,,,,chopjr44@gmail.com,nbgchopjrdakid5hunitmoebounxe_chopjr,21-10-20 13:00:32,21-10-20 13:00:32,active,,edd_discount
Discount -$ for mp3 lease for 2 Nasty,AAW2JC4rFo,,flat,,1,, 00:00, 23:59,active,all,,,,2nasty411@gmail.com,2nasty_swiper,21-10-20 13:00:32,21-10-20 13:00:32,active,,edd_discount
Discount -$ for mp3 lease for Titanium G,e2d5aFBfe8,,flat,,1,, 00:00, 23:59,active,all,,,,sibongilesbo12@gmail.com,titaniumg_ngi,21-10-20 13:00:32,21-10-20 13:00:32,active,,edd_discount
Discount -$ for mp3 lease for T-raw,UDXjvIYQyf,,flat,,1,, 00:00, 23:59,active,all,,,,216traw@gmail.com,traw_taegudda,21-10-20 13:00:32,21-10-20 13:00:32,active,,edd_discount
Discount -$ for mp3 lease for Notgillani,HDlsF8jchr,,flat,,1,, 00:00, 23:59,active,all,,,,vltgillani@gmail.com,notgillani_str8,21-10-20 13:00:32,21-10-20 13:00:32,active,,edd_discount
Discount -$ for mp3 lease for Fyahboss876,LajDh8eaL7,,flat,,1,, 00:00, 23:59,active,all,,,,fyahbossintl@gmail.com,fyahboss876_breaktime,21-10-20 13:00:32,21-10-20 13:00:32,active,,edd_discount
Discount -$ for mp3 lease for Quita,TFVQSxtKKR,,flat,,1,, 00:00, 23:59,active,all,,,,quita101mgmt@gmail.com,quita_kid,21-10-20 13:00:32,21-10-20 13:00:32,active,,edd_discount
Discount -$ for mp3 lease for Joo Sg,2XfZghLMyq,,flat,,1,, 00:00, 23:59,active,all,,,,kingjooski@gmail.com,joog_lovely,21-10-20 13:00:32,21-10-20 13:00:32,active,,edd_discount
Discount -$ for mp3 lease for Sngz,T8ts1fa8s7,,flat,,1,, 00:00, 23:59,active,all,,,,gmnsounds@gmail.com,sngz_sedated,21-10-20 13:00:32,21-10-20 13:00:32,active,,edd_discount
Discount -$ for mp3 lease for Rz,6LsI9S4uCN,,flat,,1,, 00:00, 23:59,active,all,,,,zrosado0719@gmail.com,rz_on,21-10-20 13:00:32,21-10-20 13:00:32,active,,edd_discount
Discount -$ for mp3 lease for Cotton Weary,nJIs7oxRrm,,flat,,1,, 00:00, 23:59,active,all,,,,CottonWeary@me.com,cottonweary_boat,21-10-20 13:00:32,21-10-20 13:00:32,active,,edd_discount
Discount -$ for mp3 lease for Kasper,b4JeUtjsSE,,flat,,1,, 00:00, 23:59,active,all,,,,newwavedookie1996@yahoo.com,kaper_soon,21-10-20 13:00:32,21-10-20 13:00:32,active,,edd_discount
Discount -$ for mp3 lease for C.i.g,nncEsMJuD6,,flat,,1,, 00:00, 23:59,active,all,,,,Email@garcia.cristian,cig_drive,21-10-20 13:00:32,21-10-20 13:00:32,active,,edd_discount
Discount -$ for mp3 lease for Taido,qnm3ieFamA,,flat,,1,, 00:00, 23:59,active,all,,,,taidoupnext@gmail.com,taido_blitz,21-10-20 13:00:32,21-10-20 13:00:32,active,,edd_discount
Discount -$ for mp3 lease for Cam14k,Uhj1SlkhkO,,flat,,1,, 00:00, 23:59,active,all,,,,cameronlyles16@gmail.com,cam14k_chitchat,21-10-20 13:00:32,21-10-20 13:00:32,active,,edd_discount
Discount -$ for mp3 lease for Mdf Zayvin,XA9UglhHOs,,flat,,1,, 00:00, 23:59,active,all,,,,zayvinmusic@gmail.com,mdfzayvin_smoke2much,21-10-20 13:00:32,21-10-20 13:00:32,active,,edd_discount
Discount -$ for mp3 lease for Esper Jake,cKc4GiVfjg,,flat,,1,, 00:00, 23:59,active,all,,,,jacobcardarellimusic@gmail.com,esperjake_precursor,21-10-20 13:00:32,21-10-20 13:00:32,active,,edd_discount
Discount -$ for mp3 lease for 64jit,z0wHErmpvO,,flat,,1,, 00:00, 23:59,active,all,,,,64thejit@gmail.com,64jit_on,21-10-20 13:00:32,21-10-20 13:00:32,active,,edd_discount
Discount -$ for mp3 lease for Steezymvnee,8xavxpNJBR,,flat,,1,, 00:00, 23:59,active,all,,,,steezymane420@gmail.com,steezymvnee_cod,21-10-20 13:00:32,21-10-20 13:00:32,active,,edd_discount
Discount -$ for mp3 lease for Rah Swish,myOnrP4LCw,,flat,,1,, 00:00, 23:59,active,all,,,,RahSwishBookings@gmail.com,rahswish_trending,21-10-20 13:00:32,21-10-20 13:00:32,active,,edd_discount
Discount -$ for mp3 lease for Kay Rillo,ZqGd7SejI3,,flat,,1,, 00:00, 23:59,active,all,,,,KayRillo@yahoo.com,kayrillo_bells,21-10-20 13:00:32,21-10-20 13:00:32,active,,edd_discount
Discount -$ for mp3 lease for Krptik,LEpqrWBzPY,,flat,,1,, 00:00, 23:59,active,all,,,,kriptik305@gmail.com,krptik_r6m6x,21-10-20 13:00:32,21-10-20 13:00:32,active,,edd_discount
Discount -$ for mp3 lease for Susurrar,3CLfQM4LZF,,flat,,1,, 00:00, 23:59,active,all,,,,nickstice8@gmail.com,susurrar_disowned,21-10-20 13:00:32,21-10-20 13:00:32,active,,edd_discount
Discount -$ for mp3 lease for Dare Toran,PuYS5MtnJv,,flat,,1,, 00:00, 23:59,active,all,,,,daretoran@gmail.com,daretoran_hardbody,21-10-20 13:00:32,21-10-20 13:00:32,active,,edd_discount
Discount -$ for mp3 lease for Savage Storms,ZQMyNfCmCk,,flat,,1,, 00:00, 23:59,active,all,,,,Savagestormsbookings@gmail.com,savagestorms_disobey,21-10-20 13:00:32,21-10-20 13:00:32,active,,edd_discount
Discount -$ for mp3 lease for Weedo,TvbZL8r0IZ,,flat,,1,, 00:00, 23:59,active,all,,,,weedowrld@gmail.com,weedo_jalil,21-10-20 13:00:32,21-10-20 13:00:32,active,,edd_discount
Discount -$ for mp3 lease for Tony Cero,yyOQJNMoqz,,flat,,1,, 00:00, 23:59,active,all,,,,tonycero03@gmail.com,tonycero_nothings,21-10-20 13:00:32,21-10-20 13:00:32,active,,edd_discount
Discount -$ for mp3 lease for Vyse,ejLP8otxYz,,flat,,1,, 00:00, 23:59,active,all,,,,bookvyse@gmail.com,vye_no,21-10-20 13:00:32,21-10-20 13:00:32,active,,edd_discount
Discount -$ for mp3 lease for Joey Melrose,zmGUVlUMIr,,flat,,1,, 00:00, 23:59,active,all,,,,Joeymelrosemgmt@gmail.com,joeymelrose_kk,21-10-20 13:00:32,21-10-20 13:00:32,active,,edd_discount
Discount -$ for mp3 lease for Mo-holley,fUhTPfrizB,,flat,,1,, 00:00, 23:59,active,all,,,,MHolley205@Gmail.com,moholley_racks,21-10-20 13:00:32,21-10-20 13:00:32,active,,edd_discount
Discount -$ for mp3 lease for Zeke&zoid,g9YnFNCc2Z,,flat,,1,, 00:00, 23:59,active,all,,,,Zekenzoid@gmail.com,zekezoid_booty,21-10-20 13:00:32,21-10-20 13:00:32,active,,edd_discount
Discount -$ for mp3 lease for Zaymatic,XbpApyc4XC,,flat,,1,, 00:00, 23:59,active,all,,,,-Hazyzay@gmail.com,zaymatic_contagious,21-10-20 13:00:32,21-10-20 13:00:32,active,,edd_discount
Discount -$ for mp3 lease for Mc'lain,1OFJmpiXTR,,flat,,1,, 00:00, 23:59,active,all,,,,mclaintag@gmail.com,mclain_the,21-10-20 13:00:32,21-10-20 13:00:32,active,,edd_discount
Discount -$ for mp3 lease for Chris Patrick,tBZ5IUrVzR,,flat,,1,, 00:00, 23:59,active,all,,,,Crxssroadsmusic@gmail.com,chrispatrick_gang,21-10-20 13:00:32,21-10-20 13:00:32,active,,edd_discount
Discount -$ for mp3 lease for Merlyn Wood,x8mSklPx3q,,flat,,1,, 00:00, 23:59,active,all,,,,merlynwoodmusic@gmail.com,merlynwood_tv,21-10-20 13:00:32,21-10-20 13:00:32,active,,edd_discount
Discount -$ for mp3 lease for Dannyswavy,2zKjTXJYVY,,flat,,1,, 00:00, 23:59,active,all,,,,email-Dannyswavy23@gmail.com,dannyswavy_float,21-10-20 13:00:32,21-10-20 13:00:32,active,,edd_discount
Discount -$ for mp3 lease for Muskogee Blak Aka Ghost,JBzXIuzyNB,,flat,,1,, 00:00, 23:59,active,all,,,,murdermusic.llc@gmail.com,muskogeeblakakaghost_thin,21-10-20 13:00:32,21-10-20 13:00:32,active,,edd_discount
Discount -$ for mp3 lease for Pbrstreetgang,xMn4m4DPKp,,flat,,1,, 00:00, 23:59,active,all,,,,pbrstreetgang96@gmail.com,pbrstreetgang_williams,21-10-20 13:00:32,21-10-20 13:00:32,active,,edd_discount
Discount -$ for mp3 lease for Jaguar Mf Raw,BdsIFgGMdy,,flat,,1,, 00:00, 23:59,active,all,,,,rawstar100@gmail.com,jaguarmfraw_san,21-10-20 13:00:32,21-10-20 13:00:32,active,,edd_discount
Discount -$ for mp3 lease for Nattyyboh,9d2lOOUHbk,,flat,,1,, 00:00, 23:59,active,all,,,,NC_Panthers41@yahoo.com,nattyyboh_bag,21-10-20 13:00:32,21-10-20 13:00:32,active,,edd_discount
Discount -$ for mp3 lease for Prettyboideva,F3SgJMK3mh,,flat,,1,, 00:00, 23:59,active,all,,,,mfdevon@gmail.com,prettyboideva_feine,21-10-20 13:00:32,21-10-20 13:00:32,active,,edd_discount
Discount -$ for mp3 lease for Therealyoungfadez,ZCEK1uOrks,,flat,,1,, 00:00, 23:59,active,all,,,,kinggooninallday@gmail.com,therealyoungfadez_young,21-10-20 13:00:32,21-10-20 13:00:32,active,,edd_discount
Discount -$ for mp3 lease for J~black,ZLtsfKNfKH,,flat,,1,, 00:00, 23:59,active,all,,,,KovuuKing18@Icloud.com,jblack_move,21-10-20 13:00:32,21-10-20 13:00:32,active,,edd_discount
Discount -$ for mp3 lease for Otg Quan Da Don,fplL5B526b,,flat,,1,, 00:00, 23:59,active,all,,,,Cooleybaby1996@gmail.com,otgquandadon_wrong,21-10-20 13:00:32,21-10-20 13:00:32,active,,edd_discount
Discount -$ for mp3 lease for S.o.r,ezCGC2LKGY,,flat,,1,, 00:00, 23:59,active,all,,,,ssabir18@yahoo.com,sor_the,21-10-20 13:00:32,21-10-20 13:00:32,active,,edd_discount
Discount -$ for mp3 lease for Estee Kd,6EwqFk12da,,flat,,1,, 00:00, 23:59,active,all,,,,esteedaprince@gmail.com,esteekd_jack,21-10-20 13:00:32,21-10-20 13:00:32,active,,edd_discount
Discount -$ for mp3 lease for Eternally Risen,qrw1Lhl8B2,,flat,,1,, 00:00, 23:59,active,all,,,,infin8souls@gmail.com,eternallyrisen_applying,21-10-20 13:00:32,21-10-20 13:00:32,active,,edd_discount
Discount -$ for mp3 lease for Lilhaddy,QEZmbTQM2y,,flat,,1,, 00:00, 23:59,active,all,,,,Lilhaddy063@gmail.com,lilhaddy_durty,21-10-20 13:00:32,21-10-20 13:00:32,active,,edd_discount
Discount -$ for mp3 lease for Numba3witdatheat,eWgCCFduiC,,flat,,1,, 00:00, 23:59,active,all,,,,Numba3witdatheat@gmail.com,numba3witdatheat_momolandcrazy,21-10-20 13:00:32,21-10-20 13:00:32,active,,edd_discount
Discount -$ for mp3 lease for Sayless Moe,dRlAJPhI2G,,flat,,1,, 00:00, 23:59,active,all,,,,10.kmoeski@gmail.com,saylessmoe_talkmyshit,21-10-20 13:00:32,21-10-20 13:00:32,active,,edd_discount
Discount -$ for mp3 lease for Saucebossa,aGiLiTYRK5,,flat,,1,, 00:00, 23:59,active,all,,,,YouTube@Y.B.W,saucebossa_ns,21-10-20 13:00:32,21-10-20 13:00:32,active,,edd_discount
Discount -$ for mp3 lease for Akrshome Foe,uaqH2jPIau,,flat,,1,, 00:00, 23:59,active,all,,,,AK2DA4@gmail.com,akrshomefoe_2,21-10-20 13:00:32,21-10-20 13:00:32,active,,edd_discount
Discount -$ for mp3 lease for Yunn Fashion,DT8X7UYN0M,,flat,,1,, 00:00, 23:59,active,all,,,,yunnfashion@gmail.com,yunnfashion_81,21-10-20 13:00:32,21-10-20 13:00:32,active,,edd_discount
Discount -$ for mp3 lease for Str8cash,b8sNBfb9Ko,,flat,,1,, 00:00, 23:59,active,all,,,,Str8Cash615@gmail.com,str8cash_d,21-10-20 13:00:32,21-10-20 13:00:32,active,,edd_discount
Discount -$ for mp3 lease for Will.0ne,2qyABHrvzb,,flat,,1,, 00:00, 23:59,active,all,,,,Natewillone@gmail.com,will0ne_triumph,21-10-20 13:00:32,21-10-20 13:00:32,active,,edd_discount
Discount -$ for mp3 lease for Charm Ncrxwd,9GfNqfAmev,,flat,,1,, 00:00, 23:59,active,all,,,,NCRXWDCHARM@GMAIL.COM,charmncrxwd_per,21-10-20 13:00:32,21-10-20 13:00:32,active,,edd_discount
Discount -$ for mp3 lease for Dextters,tyIloAQwZP,,flat,,1,, 00:00, 23:59,active,all,,,,dextters2020@gmail.com,dexttersofficial_mood,21-10-20 13:00:32,21-10-20 13:00:32,active,,edd_discount
Discount -$ for mp3 lease for Circle-a,XF2kdBBwuT,,flat,,1,, 00:00, 23:59,active,all,,,,circle-a@riseup.net,circlea_oberschicht,21-10-20 13:00:32,21-10-20 13:00:32,active,,edd_discount
Discount -$ for mp3 lease for Tay Hundreds,zqyEDfalsf,,flat,,1,, 00:00, 23:59,active,all,,,,bookingtayhundreds@gmail.com,tayhundreds_gretzky,21-10-20 13:00:32,21-10-20 13:00:32,active,,edd_discount
Discount -$ for mp3 lease for 5150committee,BXyAfvdoCq,,flat,,1,, 00:00, 23:59,active,all,,,,5150committee@gmail.com,5150committee_50,21-10-20 13:00:32,21-10-20 13:00:32,active,,edd_discount
Discount -$ for mp3 lease for Moon,K5RBJb9bKU,,flat,,1,, 00:00, 23:59,active,all,,,,MoonMngmnt@gmail.com,moon_so,21-10-20 13:00:32,21-10-20 13:00:32,active,,edd_discount
Discount -$ for mp3 lease for Tracehoe,0ZGE1Y3If0,,flat,,1,, 00:00, 23:59,active,all,,,,tracehoemusic@gmail.com,tracehoe_bad,21-10-20 13:00:32,21-10-20 13:00:32,active,,edd_discount
Discount -$ for mp3 lease for Getmoneycope,MqcpqCbeYT,,flat,,1,, 00:00, 23:59,active,all,,,,dijcope400@gmail.com,getmoneycope_first,21-10-20 13:00:32,21-10-20 13:00:32,active,,edd_discount
Discount -$ for mp3 lease for Dee Da Realist,1Dm23fkboh,,flat,,1,, 00:00, 23:59,active,all,,,,israeliteswoken2015@gmail.com,deedarealist_straight,21-10-20 13:00:32,21-10-20 13:00:32,active,,edd_discount
Discount -$ for mp3 lease for Eye Knives,ibmzILF7bl,,flat,,1,, 00:00, 23:59,active,all,,,,eyeknives@gmail.com,eyeknives_m,21-10-20 13:00:32,21-10-20 13:00:32,active,,edd_discount
Discount -$ for mp3 lease for Kazie,c45HDLtB78,,flat,,1,, 00:00, 23:59,active,all,,,,OfficialKAZIE@gmail.com,kazie_hawaii,21-10-20 13:00:32,21-10-20 13:00:32,active,,edd_discount
Discount -$ for mp3 lease for J. Luck,MvNWnAsQx9,,flat,,1,, 00:00, 23:59,active,all,,,,CEO@jluckselfmadealbum.link,jluck_youknowwhatitis,21-10-20 13:00:32,21-10-20 13:00:32,active,,edd_discount
Discount -$ for mp3 lease for 4tb Honcho,Ow8i6CYgRO,,flat,,1,, 00:00, 23:59,active,all,,,,QuiseHoncho@gmail.com,4tbhoncho_neighborhood,21-10-20 13:00:32,21-10-20 13:00:32,active,,edd_discount
Discount -$ for mp3 lease for Goldieawkword,TYlT4KHegR,,flat,,1,, 00:00, 23:59,active,all,,,,taycoop1496@gmail.com,goldieawkword_impatient,21-10-20 13:00:32,21-10-20 13:00:32,active,,edd_discount
Discount -$ for mp3 lease for Young Savage Gang,EkgtOaMGSZ,,flat,,1,, 00:00, 23:59,active,all,,,,tjrm124@gmail.com,youngavagegang_meatboy,21-10-20 13:00:32,21-10-20 13:00:32,active,,edd_discount
Discount -$ for mp3 lease for Wavvyfm,fZXh5ODJAJ,,flat,,1,, 00:00, 23:59,active,all,,,,wavvyfm@gmail.com,wavvyfm_adot,21-10-20 13:00:32,21-10-20 13:00:32,active,,edd_discount
Discount -$ for mp3 lease for Ace Versace,F4XYgMTSVX,,flat,,1,, 00:00, 23:59,active,all,,,,aceversvce@gmail.com,aceverace_life,21-10-20 13:00:32,21-10-20 13:00:32,active,,edd_discount
Discount -$ for mp3 lease for Kibalenciaga,Px4xMyb3wC,,flat,,1,, 00:00, 23:59,active,all,,,,kibalenciagafrom21st@gmail.com,kibalenciaga_scholar,21-10-20 13:00:32,21-10-20 13:00:32,active,,edd_discount
Discount -$ for mp3 lease for Zurou,NjlBJYSW1Z,,flat,,1,, 00:00, 23:59,active,all,,,,lordzurou@gmail.com,zurou_dreamz,21-10-20 13:00:32,21-10-20 13:00:32,active,,edd_discount
Discount -$ for mp3 lease for Drewskiii,zu8DdO7l5b,,flat,,1,, 00:00, 23:59,active,all,,,,Drewskicleareyeview@gmail.com,drewskiii_r,21-10-20 13:00:32,21-10-20 13:00:32,active,,edd_discount
Discount -$ for mp3 lease for Rico Playboy,dyeXcjE2AH,,flat,,1,, 00:00, 23:59,active,all,,,,Youngjesus07@gmail.com,ricoplayboy_thriller,21-10-20 13:00:32,21-10-20 13:00:32,active,,edd_discount
Discount -$ for mp3 lease for Nizzle Dandy,4BjRezJdXk,,flat,,1,, 00:00, 23:59,active,all,,,,nizzledandy@gmail.com,nizzledandy_goin,21-10-20 13:00:32,21-10-20 13:00:32,active,,edd_discount
Discount -$ for mp3 lease for Yay Won,zhat0hWXkP,,flat,,1,, 00:00, 23:59,active,all,,,,Wonforevermgmt@gmail.com,yaywon_mood,21-10-20 13:00:32,21-10-20 13:00:32,active,,edd_discount
Discount -$ for mp3 lease for Honcho Hendrixxx,Li3gZcMLcv,,flat,,1,, 00:00, 23:59,active,all,,,,Ajone33343@gmail.com,honchohendrixxx_intro,21-10-20 13:00:32,21-10-20 13:00:32,active,,edd_discount
Discount -$ for mp3 lease for Ghostdrops,BDoyKTAccg,,flat,,1,, 00:00, 23:59,active,all,,,,ghostrdropsofficial@gmail.com,ghostdrops_halloween,21-10-20 13:00:32,21-10-20 13:00:32,active,,edd_discount
Discount -$ for mp3 lease for Contakz,zUcWMBOvrh,,flat,,1,, 00:00, 23:59,active,all,,,,realcontakz@gmail.com,contakz_mix,21-10-20 13:00:32,21-10-20 13:00:32,active,,edd_discount
Discount -$ for mp3 lease for Fruit,MZo2qKgrUA,,flat,,1,, 00:00, 23:59,active,all,,,,TrapFruit@hotmail.com,fruit_alright,21-10-20 13:00:32,21-10-20 13:00:32,active,,edd_discount
Discount -$ for mp3 lease for 7lagoon,Rjowun513T,,flat,,1,, 00:00, 23:59,active,all,,,,7LagoonPBZ@gmail.com,7lagoon_trackstar,21-10-20 13:00:32,21-10-20 13:00:32,active,,edd_discount
Discount -$ for mp3 lease for Kyng Cole,kkRMbRZrbD,,flat,,1,, 00:00, 23:59,active,all,,,,kingcole99.kc@gmail.com,kyngcole_mevsme,21-10-20 13:00:32,21-10-20 13:00:32,active,,edd_discount
Discount -$ for mp3 lease for Theorn,g6rMcjp9lB,,flat,,1,, 00:00, 23:59,active,all,,,,Bosstoppken23@gmail.com,theofficialorn_bosstopp,21-10-20 13:00:32,21-10-20 13:00:32,active,,edd_discount
Discount -$ for mp3 lease for Ceerob,4ekpTqBQjV,,flat,,1,, 00:00, 23:59,active,all,,,,ceerobundefinedlyricist@gmail.com,ceerob_have,21-10-20 13:00:32,21-10-20 13:00:32,active,,edd_discount
Discount -$ for mp3 lease for 8 Piece,Ji2TVokWPn,,flat,,1,, 00:00, 23:59,active,all,,,,8PIECESPICOLI@GMAIL.COM,8piece_cause,21-10-20 13:00:32,21-10-20 13:00:32,active,,edd_discount
Discount -$ for mp3 lease for R Manny Tate Quieto,hWJGNaa5IT,,flat,,1,, 00:00, 23:59,active,all,,,,manny120391@gmail.com,rmannytatequieto_lov3,21-10-20 13:00:32,21-10-20 13:00:32,active,,edd_discount
Discount -$ for mp3 lease for Melo White,R2bVcxH5H0,,flat,,1,, 00:00, 23:59,active,all,,,,SILSUR95@GMAIL.COM,melowhite_manigoat,21-10-20 13:00:32,21-10-20 13:00:32,active,,edd_discount
Discount -$ for mp3 lease for Rdvsin,EUb44PRiew,,flat,,1,, 00:00, 23:59,active,all,,,,officialrdvsin@gmail.com,rdvsin_cap,21-10-20 13:00:32,21-10-20 13:00:32,active,,edd_discount
Discount -$ for mp3 lease for Accidentalspillage,nXgT0csXTS,,flat,,1,, 00:00, 23:59,active,all,,,,irwynklaaste@gmail.com,accidentalspillage_drop,21-10-20 13:00:32,21-10-20 13:00:32,active,,edd_discount
Discount -$ for mp3 lease for Xan Helsing,bT2HCB6x5c,,flat,,1,, 00:00, 23:59,active,all,,,,lil300unknown@gmail.com,xanhelsing_effects,21-10-20 13:00:32,21-10-20 13:00:32,active,,edd_discount
Discount -$ for mp3 lease for Boofboy,bncHGhrEMg,,flat,,1,, 00:00, 23:59,active,all,,,,B4daboat@gmail.com,boofboy_plug,21-10-20 13:00:32,21-10-20 13:00:32,active,,edd_discount
Discount -$ for mp3 lease for Young Stro,K0pcz6alFP,,flat,,1,, 00:00, 23:59,active,all,,,,Playboilawson@gmail.com,youngstro_dreamin,21-10-20 13:00:32,21-10-20 13:00:32,active,,edd_discount
Discount -$ for mp3 lease for Botis,4LYDYfqwxe,,flat,,1,, 00:00, 23:59,active,all,,,,botis9991@gmail.com,botis_malboro,21-10-20 13:00:32,21-10-20 13:00:32,active,,edd_discount
Discount -$ for mp3 lease for Nate Hollow,xDRsSONTYl,,flat,,1,, 00:00, 23:59,active,all,,,,nathasyt@gmail.com,natehollow_murakami,21-10-20 13:00:32,21-10-20 13:00:32,active,,edd_discount
Discount -$ for mp3 lease for Ghostie,qwAFX9Jlpm,,flat,,1,, 00:00, 23:59,active,all,,,,CONTACTGHOSTIE@GMAIL.COM,ghostie_f,21-10-20 13:00:32,21-10-20 13:00:32,active,,edd_discount
Discount -$ for mp3 lease for 3k.freddy,pdSTK0I4PA,,flat,,1,, 00:00, 23:59,active,all,,,,3kfreddy@gmail.com,3kfreddy_controlling,21-10-20 13:00:32,21-10-20 13:00:32,active,,edd_discount
Discount -$ for mp3 lease for <3 Break Warfare,Vgs3gAP8ga,,flat,,1,, 00:00, 23:59,active,all,,,,catsoapmusic@gmail.com,3breakwarfare_fresh,21-10-20 13:00:32,21-10-20 13:00:32,active,,edd_discount
Discount -$ for mp3 lease for Jahdawn,xssyjnLTbv,,flat,,1,, 00:00, 23:59,active,all,,,,shehatesdawn@gmail.com,jahdawn_minute,21-10-20 13:00:32,21-10-20 13:00:32,active,,edd_discount
Discount -$ for mp3 lease for Blakk Danel,wOwwNaR3jO,,flat,,1,, 00:00, 23:59,active,all,,,,blakkdaniel178@gmail.com,blakkdanel_slide,21-10-20 13:00:32,21-10-20 13:00:32,active,,edd_discount
Discount -$ for mp3 lease for Donguwap,CX2oXI7Qi7,,flat,,1,, 00:00, 23:59,active,all,,,,ebkdonbusiness@gmail.com,donguwap_5,21-10-20 13:00:32,21-10-20 13:00:32,active,,edd_discount
Discount -$ for mp3 lease for Cotton Candy Caleb,bwERnAVVhC,,flat,,1,, 00:00, 23:59,active,all,,,,cottoncandycaleb@gmail.com,cottoncandycaleb_rowdy,21-10-20 13:00:32,21-10-20 13:00:32,active,,edd_discount
Discount -$ for mp3 lease for K Treez,LJf0XDNaDa,,flat,,1,, 00:00, 23:59,active,all,,,,welliktreez@gmail.com,ktreez_flowsick,21-10-20 13:00:32,21-10-20 13:00:32,active,,edd_discount
Discount -$ for mp3 lease for Glockky,pmqTNo5YLr,,flat,,1,, 00:00, 23:59,active,all,,,,glockkybidness@gmail.com,glockky_revenge,21-10-20 13:00:32,21-10-20 13:00:32,active,,edd_discount
Discount -$ for mp3 lease for D.scholl,aLSZDwZLuD,,flat,,1,, 00:00, 23:59,active,all,,,,deandre.scholl@gmail.com,dscholl_a,21-10-20 13:00:32,21-10-20 13:00:32,active,,edd_discount
Discount -$ for mp3 lease for Xoxoscar<3,BWSyCwAPVG,,flat,,1,, 00:00, 23:59,active,all,,,,xoxoscar333@gmail.com,xoxoscar3_xosolavish,21-10-20 13:00:32,21-10-20 13:00:32,active,,edd_discount
Discount -$ for mp3 lease for Fvckdreamo,efAnQah8YV,,flat,,1,, 00:00, 23:59,active,all,,,,Imeaniguessilltry@gmail.com,fvckdreamo_floatin,21-10-20 13:00:32,21-10-20 13:00:32,active,,edd_discount
Discount -$ for mp3 lease for Ice Berg Slim,FfxKhCBWYF,,flat,,1,, 00:00, 23:59,active,all,,,,info.icebergslim@gmail.com,icebergslim_nan,21-10-20 13:00:32,21-10-20 13:00:32,active,,edd_discount
Discount -$ for mp3 lease for Yung Eternal Flowz,uBKMX8PcVa,,flat,,1,, 00:00, 23:59,active,all,,,,eternalflowz01@gmail.com,yungeternalflowz_outta,21-10-20 13:00:32,21-10-20 13:00:32,active,,edd_discount
Discount -$ for mp3 lease for Thatboydomain,qXcbjGbFcF,,flat,,1,, 00:00, 23:59,active,all,,,,macddomain@gmail.com,thatboydomain_ybn,21-10-20 13:00:32,21-10-20 13:00:32,active,,edd_discount
Discount -$ for mp3 lease for Lodiesel,aD1JiUmv15,,flat,,1,, 00:00, 23:59,active,all,,,,1atlantamusic@gmail.com,officiallodiesel_drippin,21-10-20 13:00:32,21-10-20 13:00:32,active,,edd_discount
Discount -$ for mp3 lease for Ycb Kenyondon,TOeoNoOAG3,,flat,,1,, 00:00, 23:59,active,all,,,,ycb4lkd@gmail.com,ycb_kenyondon_bjack,21-10-20 13:00:32,21-10-20 13:00:32,active,,edd_discount
Discount -$ for mp3 lease for Mr. Vission,zmvsLek4P2,,flat,,1,, 00:00, 23:59,active,all,,,,jjlowkey15@gmail.com,mrviion_bigbagboys,21-10-20 13:00:32,21-10-20 13:00:32,active,,edd_discount
Discount -$ for mp3 lease for Al J,55rrOqPjzA,,flat,,1,, 00:00, 23:59,active,all,,,,soundsbyhillside@gmail.com,alj_i,21-10-20 13:00:32,21-10-20 13:00:32,active,,edd_discount
Discount -$ for mp3 lease for Nessly,kQT0DOuiaJ,,flat,,1,, 00:00, 23:59,active,all,,,,jeremy@blackwax.com,nessly_true,21-10-20 13:00:32,21-10-20 13:00:32,active,,edd_discount
Discount -$ for mp3 lease for Draamatic,WkOelzFYk7,,flat,,1,, 00:00, 23:59,active,all,,,,klvrstatus@gmail.com,draamatic_cheat,21-10-20 13:00:32,21-10-20 13:00:32,active,,edd_discount
Discount -$ for mp3 lease for Pariyah,HLRvSA0ed5,,flat,,1,, 00:00, 23:59,active,all,,,,pryh757@yahoo.com,pariyah_booted,21-10-20 13:00:32,21-10-20 13:00:32,active,,edd_discount
Discount -$ for mp3 lease for Sterlin9,0pfug1y8qG,,flat,,1,, 00:00, 23:59,active,all,,,,earthboundbychoice@gmail.com,sterlin9_get,21-10-20 13:00:32,21-10-20 13:00:32,active,,edd_discount
Discount -$ for mp3 lease for Og Crae,RMqMNVldkw,,flat,,1,, 00:00, 23:59,active,all,,,,craexog@gmail.com,ogcrae_all,21-10-20 13:00:32,21-10-20 13:00:32,active,,edd_discount
Discount -$ for mp3 lease for Gerrymess,diejprjRi0,,flat,,1,, 00:00, 23:59,active,all,,,,gerrymessmusic@gmail.com,gerrymess_big,21-10-20 13:00:32,21-10-20 13:00:32,active,,edd_discount
Discount -$ for mp3 lease for Karriencash,IdsB5KKnAZ,,flat,,1,, 00:00, 23:59,active,all,,,,karriencbw2000@gmail.com,karriencah_exclusive,21-10-20 13:00:32,21-10-20 13:00:32,active,,edd_discount
Discount -$ for mp3 lease for Pleasure Ny,eGsXEYTcNR,,flat,,1,, 00:00, 23:59,active,all,,,,ntshembopleasure4@gmail.com,pleasureny_omg,21-10-20 13:00:32,21-10-20 13:00:32,active,,edd_discount
Discount -$ for mp3 lease for Sentall Mathis,AD5JCZUZUe,,flat,,1,, 00:00, 23:59,active,all,,,,sentmathis@outlook.com,sentallmathis_chances,21-10-20 13:00:32,21-10-20 13:00:32,active,,edd_discount
Discount -$ for mp3 lease for Jawos Toke Emcee,Wm3ratRiY4,,flat,,1,, 00:00, 23:59,active,all,,,,jawosmusic@gmail.com,jawostokeemcee_fuck,21-10-20 13:00:32,21-10-20 13:00:32,active,,edd_discount
Discount -$ for mp3 lease for K U R O U,fdTBPcVZ0o,,flat,,1,, 00:00, 23:59,active,all,,,,kimcrow.cr@gmail.com,kurou_n,21-10-20 13:00:32,21-10-20 13:00:32,active,,edd_discount
Discount -$ for mp3 lease for Txemandega Rapper,bxCBSlkzj2,,flat,,1,, 00:00, 23:59,active,all,,,,caetanoedson550@gmail.com,txemandegarapper_blood,21-10-20 13:00:32,21-10-20 13:00:32,active,,edd_discount
Discount -$ for mp3 lease for Ch3ntah,96ePf7ZutX,,flat,,1,, 00:00, 23:59,active,all,,,,chentahsatataiwillem@gmail.com,ch3ntah_opzone,21-10-20 13:00:32,21-10-20 13:00:32,active,,edd_discount
Discount -$ for mp3 lease for Worldcorp Enterprises,UkUHMJpggD,,flat,,1,, 00:00, 23:59,active,all,,,,worldcorpent@gmail.com,worldcorpenterprises_relbest,21-10-20 13:00:32,21-10-20 13:00:32,active,,edd_discount
Discount -$ for mp3 lease for Kash Jordan,9m9fJGb6eg,,flat,,1,, 00:00, 23:59,active,all,,,,Kashxmusic@gmail.com,kashjordan_young,21-10-20 13:00:32,21-10-20 13:00:32,active,,edd_discount
Discount -$ for mp3 lease for Ducksauce Dotkom,deh7YKUZpK,,flat,,1,, 00:00, 23:59,active,all,,,,bookak5@gmail.com,ducksaucedotkom_guapo,21-10-20 13:00:32,21-10-20 13:00:32,active,,edd_discount
Discount -$ for mp3 lease for Vaguest,hn5mPcSOTC,,flat,,1,, 00:00, 23:59,active,all,,,,Vaguestmanagement@gmail.com,vaguest_mako,21-10-20 13:00:32,21-10-20 13:00:32,active,,edd_discount
Discount -$ for mp3 lease for Michvel Angelo,gw6HviUpH8,,flat,,1,, 00:00, 23:59,active,all,,,,michvelangelo@gmail.com,michvelangelo_prayed,21-10-20 13:00:32,21-10-20 13:00:32,active,,edd_discount
Discount -$ for mp3 lease for Hstreetraps,WqHdiaMtSi,,flat,,1,, 00:00, 23:59,active,all,,,,hstreetyt@gmail.com,hstreetraps_monster,21-10-20 13:00:32,21-10-20 13:00:32,active,,edd_discount
Discount -$ for mp3 lease for Richy Collins,NaicH3tVmx,,flat,,1,, 00:00, 23:59,active,all,,,,richycollinsmusic@gmail.com,richycollins_number,21-10-20 13:00:32,21-10-20 13:00:32,active,,edd_discount
Discount -$ for mp3 lease for Flipzworld,OngS3JwdA7,,flat,,1,, 00:00, 23:59,active,all,,,,Bboyflipz89@gmail.com,flipzworld_pain,21-10-20 13:00:32,21-10-20 13:00:32,active,,edd_discount
Discount -$ for mp3 lease for Court,8wqlbnaTJq,,flat,,1,, 00:00, 23:59,active,all,,,,courtlandblack@icloud.com,court_slow,21-10-20 13:00:32,21-10-20 13:00:32,active,,edd_discount
Discount -$ for mp3 lease for Young Yuck,eLOTnCgNXz,,flat,,1,, 00:00, 23:59,active,all,,,,yucknut27@gmail.com,youngyuck_fiddler,21-10-20 13:00:32,21-10-20 13:00:32,active,,edd_discount
Discount -$ for mp3 lease for Young Leaf,Cd0D60B48j,,flat,,1,, 00:00, 23:59,active,all,,,,smithkhalid852@gmail.com,youngleaf_all,21-10-20 13:00:32,21-10-20 13:00:32,active,,edd_discount
Discount -$ for mp3 lease for Fcg Heem,mmIYs2DRmd,,flat,,1,, 00:00, 23:59,active,all,,,,FCGHeemBooking@gmail.com,fcgheem_ball,21-10-20 13:00:32,21-10-20 13:00:32,active,,edd_discount
Discount -$ for mp3 lease for Re3el,tCdgm2msiD,,flat,,1,, 00:00, 23:59,active,all,,,,DevinAlvey864@gmail.com,re3el_the,21-10-20 13:00:32,21-10-20 13:00:32,active,,edd_discount
Discount -$ for mp3 lease for Chief Dee,JIzdBMpeHg,,flat,,1,, 00:00, 23:59,active,all,,,,DeezusAlmighty@outlook.com,chiefdee_dirty,21-10-20 13:00:32,21-10-20 13:00:32,active,,edd_discount
Discount -$ for mp3 lease for Keymoney,N1mUVRo5TU,,flat,,1,, 00:00, 23:59,active,all,,,,keymoney007@gmail.com,keymoney_dont,21-10-20 13:00:32,21-10-20 13:00:32,active,,edd_discount
Discount -$ for mp3 lease for G Herbo,ZJRaeGeStH,,flat,,1,, 00:00, 23:59,active,all,,,,elarsen@paradigmagency.com,gherbo_about,21-10-20 13:00:32,21-10-20 13:00:32,active,,edd_discount
Discount -$ for mp3 lease for Nku Rondo,07LYpKS0ub,,flat,,1,, 00:00, 23:59,active,all,,,,RonaldAlexis19@icloud.com,nku_rondo_fl,21-10-20 13:00:32,21-10-20 13:00:32,active,,edd_discount
Discount -$ for mp3 lease for Lil E,lj8zvugBkZ,,flat,,1,, 00:00, 23:59,active,all,,,,Erickw773@icloud.com,lile_in,21-10-20 13:00:32,21-10-20 13:00:32,active,,edd_discount
Discount -$ for mp3 lease for Mar Lux,2H91i57gXl,,flat,,1,, 00:00, 23:59,active,all,,,,MarLuxMusic@gmail.com,marlux_pain,21-10-20 13:00:32,21-10-20 13:00:32,active,,edd_discount
Discount -$ for mp3 lease for Fed Monie,erNgFZTD2M,,flat,,1,, 00:00, 23:59,active,all,,,,Geraldcollins2017@gmail.com,fedmonie_made,21-10-20 13:00:32,21-10-20 13:00:32,active,,edd_discount
Discount -$ for mp3 lease for Zoelifecj,Jk2IAnhTzU,,flat,,1,, 00:00, 23:59,active,all,,,,LoveInUtopiaMgmt@gmail.com,zoelifecj_level,21-10-20 13:00:32,21-10-20 13:00:32,active,,edd_discount
Discount -$ for mp3 lease for Gwap,YganIC3pj5,,flat,,1,, 00:00, 23:59,active,all,,,,LilEstie@gmail.com,gwap_bogota,21-10-20 13:00:32,21-10-20 13:00:32,active,,edd_discount
Discount -$ for mp3 lease for Lil Sil,y8yMD5i9kv,,flat,,1,, 00:00, 23:59,active,all,,,,lilsilmanagement@gmail.com,lilsil_too,21-10-20 13:00:32,21-10-20 13:00:32,active,,edd_discount
Discount -$ for mp3 lease for Baby Jungle,VqXC7V4W38,,flat,,1,, 00:00, 23:59,active,all,,,,StandingRoomOnlyMgmt@gmail.com,babyjungle_all,21-10-20 13:00:32,21-10-20 13:00:32,active,,edd_discount
Discount -$ for mp3 lease for Orrin,wHFRNkh8qx,,flat,,1,, 00:00, 23:59,active,all,,,,bookings@realorrin.com,orrin_karma,21-10-20 13:00:32,21-10-20 13:00:32,active,,edd_discount
Discount -$ for mp3 lease for Mir Fontane,tp09Pe4X6s,,flat,,1,, 00:00, 23:59,active,all,,,,business@mirfontane.com,mirfontane_before,21-10-20 13:00:32,21-10-20 13:00:32,active,,edd_discount
Discount -$ for mp3 lease for Spittygray,GPPdTmKVwh,,flat,,1,, 00:00, 23:59,active,all,,,,Chrisgray004@gmail.com,spittygray_shmoke,21-10-20 13:00:32,21-10-20 13:00:32,active,,edd_discount
Discount -$ for mp3 lease for M.t. Lebowski,OuhyiXwnZy,,flat,,1,, 00:00, 23:59,active,all,,,,MTLebowski97@gmail.com,mtlebowki_moonlight,21-10-20 13:00:32,21-10-20 13:00:32,active,,edd_discount
Discount -$ for mp3 lease for Thee Jae,2eb5dF0z2O,,flat,,1,, 00:00, 23:59,active,all,,,,jaeworld97@gmail.com,theejae_fearless,21-10-20 13:00:32,21-10-20 13:00:32,active,,edd_discount
Discount -$ for mp3 lease for Cash Gotti,GV1OmuCsFk,,flat,,1,, 00:00, 23:59,active,all,,,,cashgottimgmt@gmail.com,cashgotti_what,21-10-20 13:00:32,21-10-20 13:00:32,active,,edd_discount
Discount -$ for mp3 lease for Pyrex Pryce,PfkJn8h0dy,,flat,,1,, 00:00, 23:59,active,all,,,,biz@pyrexpryce.com,pyrexpryce_not,21-10-20 13:00:32,21-10-20 13:00:32,active,,edd_discount
Discount -$ for mp3 lease for Deewattson,z4YdEJs5FY,,flat,,1,, 00:00, 23:59,active,all,,,,Deewattsonasb@gmail.com,deewattson_tug,21-10-20 13:00:32,21-10-20 13:00:32,active,,edd_discount
Discount -$ for mp3 lease for Souly D,zCnD2wldaa,,flat,,1,, 00:00, 23:59,active,all,,,,soulyd20@gmail.com,soulyd_my,21-10-20 13:00:32,21-10-20 13:00:32,active,,edd_discount
Discount -$ for mp3 lease for Yungdynamicboy11,WjKkvdXSr1,,flat,,1,, 00:00, 23:59,active,all,,,,jjdynamic11@yahoo.com,yungdynamicboy11_ducked,21-10-20 13:00:32,21-10-20 13:00:32,active,,edd_discount
Discount -$ for mp3 lease for Peejay,TYeKOpekQa,,flat,,1,, 00:00, 23:59,active,all,,,,ericjones3081@gmail.com,peejay_ctm,21-10-20 13:00:32,21-10-20 13:00:32,active,,edd_discount
Discount -$ for mp3 lease for Vicious Reaction,vZaoz2H4ZK,,flat,,1,, 00:00, 23:59,active,all,,,,rizzy9903@icloud.com,viciousreaction_jed,21-10-20 13:00:32,21-10-20 13:00:32,active,,edd_discount
Discount -$ for mp3 lease for Nigel Roxbury,8ZNJQC97Ug,,flat,,1,, 00:00, 23:59,active,all,,,,nigelroxbury@gmail.com,nigelroxbury_time,21-10-20 13:00:32,21-10-20 13:00:32,active,,edd_discount
Discount -$ for mp3 lease for Jkaintplayin,fLLpPmbSTp,,flat,,1,, 00:00, 23:59,active,all,,,,JKaintplayin@gmail.com,jkaintplayin_twilight,21-10-20 13:00:32,21-10-20 13:00:32,active,,edd_discount
Discount -$ for mp3 lease for Baccendzzz,8j0rhEZ1eu,,flat,,1,, 00:00, 23:59,active,all,,,,features-ybsmicah21@gmail.com,baccendzzz_talk,21-10-20 13:00:32,21-10-20 13:00:32,active,,edd_discount
Discount -$ for mp3 lease for Baby Ikey,9Uv1zqs2rt,,flat,,1,, 00:00, 23:59,active,all,,,,Babyikeybooking@gmail.com,babyikey_another,21-10-20 13:00:32,21-10-20 13:00:32,active,,edd_discount
Discount -$ for mp3 lease for Pay Day & Lil Jack,mcCrvSqrlV,,flat,,1,, 00:00, 23:59,active,all,,,,paydayinquiries@gmail.com,paydayliljack_outer,21-10-20 13:00:32,21-10-20 13:00:32,active,,edd_discount
Discount -$ for mp3 lease for Max The Good Son,TZjLbxpDJY,,flat,,1,, 00:00, 23:59,active,all,,,,goodsonbusiness@gmail.com,maxthegoodson_and,21-10-20 13:00:32,21-10-20 13:00:32,active,,edd_discount
Discount -$ for mp3 lease for Lost Love,rQfMlIfXz8,,flat,,1,, 00:00, 23:59,active,all,,,,lostlovemgmt@gmail.com,lostlove_couture,21-10-20 13:00:32,21-10-20 13:00:32,active,,edd_discount
Discount -$ for mp3 lease for Niit Niit,yk4CCY2KHi,,flat,,1,, 00:00, 23:59,active,all,,,,niitmare14@gmail.com,niitniit_at,21-10-20 13:00:32,21-10-20 13:00:32,active,,edd_discount
Discount -$ for mp3 lease for Everything But Nothing,gkEsPeE7OT,,flat,,1,, 00:00, 23:59,active,all,,,,paganocolin@gmail.com,everythingbutnothing_fiend,21-10-20 13:00:32,21-10-20 13:00:32,active,,edd_discount
Discount -$ for mp3 lease for Ysg Ot,590tCjxvoY,,flat,,1,, 00:00, 23:59,active,all,,,,rsabogal26@gmail.com,ygot_slugfest,21-10-20 13:00:32,21-10-20 13:00:32,active,,edd_discount
Discount -$ for mp3 lease for Kid Exquisite,ty0g9rVEs6,,flat,,1,, 00:00, 23:59,active,all,,,,DoubleUpSquiz@gmail.com,kidexquisite_get,21-10-20 13:00:32,21-10-20 13:00:32,active,,edd_discount
Discount -$ for mp3 lease for Strawhat Zero,pjipJ71MCp,,flat,,1,, 00:00, 23:59,active,all,,,,Strawhatzero4@gmail.com,strawhatzero_yeah,21-10-20 13:00:32,21-10-20 13:00:32,active,,edd_discount
Discount -$ for mp3 lease for Sickosoicy,5nZG72bWpm,,flat,,1,, 00:00, 23:59,active,all,,,,soicymgnt@gmail.com,sickosoicy_blame,21-10-20 13:00:32,21-10-20 13:00:32,active,,edd_discount
Discount -$ for mp3 lease for T.i.e,6k4xTGKKyS,,flat,,1,, 00:00, 23:59,active,all,,,,icantakeiteasy@gmail.com,tie_kyros,21-10-20 13:00:32,21-10-20 13:00:32,active,,edd_discount
Discount -$ for mp3 lease for Sharpdressedray,KT3whXaOln,,flat,,1,, 00:00, 23:59,active,all,,,,Raycarter90@gmail.com,sharpdressedray_wishful,21-10-20 13:00:32,21-10-20 13:00:32,active,,edd_discount
Discount -$ for mp3 lease for Lio Pard,5Jz5r9MMCS,,flat,,1,, 00:00, 23:59,active,all,,,,Contact.liopard@gmail.com,liopard_ep,21-10-20 13:00:32,21-10-20 13:00:32,active,,edd_discount
Discount -$ for mp3 lease for Vnci,s7vq63P5j8,,flat,,1,, 00:00, 23:59,active,all,,,,officialmarklaw@gmail.com,vnci_hit,21-10-20 13:00:32,21-10-20 13:00:32,active,,edd_discount
Discount -$ for mp3 lease for Yung Rich Broker,dMqisjpMPN,,flat,,1,, 00:00, 23:59,active,all,,,,rpierre321x@gmail.com,yungrichbroker_spending,21-10-20 13:00:32,21-10-20 13:00:32,active,,edd_discount
Discount -$ for mp3 lease for Jcartervibes,33yyS5JbKs,,flat,,1,, 00:00, 23:59,active,all,,,,Toflyjay24@gmail.com,jcartervibes_rudeboy,21-10-20 13:00:32,21-10-20 13:00:32,active,,edd_discount
Discount -$ for mp3 lease for Bmaxx 216,FA4cIObRdh,,flat,,1,, 00:00, 23:59,active,all,,,,Bmaxx_3@icloud.com,bmaxx_216_hustle,21-10-20 13:00:32,21-10-20 13:00:32,active,,edd_discount
Discount -$ for mp3 lease for Noza Jordan,De6zhItouc,,flat,,1,, 00:00, 23:59,active,all,,,,nozajordan@gmail.com,nozajordan_wake,21-10-20 13:00:32,21-10-20 13:00:32,active,,edd_discount
Discount -$ for mp3 lease for Sam M,UejGtKPczr,,flat,,1,, 00:00, 23:59,active,all,,,,musicsamm@gmail.com,samm_more,21-10-20 13:00:32,21-10-20 13:00:32,active,,edd_discount
Discount -$ for mp3 lease for The White Flame,sp3LP8Wsai,,flat,,1,, 00:00, 23:59,active,all,,,,BurntWhiteBreadTWF@gmail.com,thewhiteflame_bad,21-10-20 13:00:32,21-10-20 13:00:32,active,,edd_discount
"Discount -$ for mp3 lease for Ned, The Koala",qwYJJatiN9,,flat,,1,, 00:00, 23:59,active,all,,,,solomonwilson64@gmail.com,nedthekoala_marmalade,21-10-20 13:00:32,21-10-20 13:00:32,active,,edd_discount
Discount -$ for mp3 lease for Slapaholics,jqv9w0KUsh,,flat,,1,, 00:00, 23:59,active,all,,,,kingslapaholic@gmail.com,slapaholics_millions,21-10-20 13:00:32,21-10-20 13:00:32,active,,edd_discount
Discount -$ for mp3 lease for The Lil Hazy,TIP9dEQ8kJ,,flat,,1,, 00:00, 23:59,active,all,,,,Lilhazymusicofficial@gmail.com,thelilhazy_my,21-10-20 13:00:32,21-10-20 13:00:32,active,,edd_discount
Discount -$ for mp3 lease for Saint Calvin,n0kCfpk1MF,,flat,,1,, 00:00, 23:59,active,all,,,,thesaintcalvin@gmail.com,saintcalvin_final,21-10-20 13:00:32,21-10-20 13:00:32,active,,edd_discount
Discount -$ for mp3 lease for Blaccboijuice,kwr2NoE50Z,,flat,,1,, 00:00, 23:59,active,all,,,,Realliljuice@gmail.com,blaccboijuice_we,21-10-20 13:00:32,21-10-20 13:00:32,active,,edd_discount
Discount -$ for mp3 lease for Vlone Kai,cRvIFS7U3T,,flat,,1,, 00:00, 23:59,active,all,,,,kaivlone97@gmail.com,vlonekai_story,21-10-20 13:00:32,21-10-20 13:00:32,active,,edd_discount
Discount -$ for mp3 lease for Triy,pTZ7OrHUpS,,flat,,1,, 00:00, 23:59,active,all,,,,triybookings@gmail.com,triy_spaceships,21-10-20 13:00:32,21-10-20 13:00:32,active,,edd_discount
Discount -$ for mp3 lease for Diablo,ZCCGbCjume,,flat,,1,, 00:00, 23:59,active,all,,,,Diablobenz66@gmail.com,diablo_redlights,21-10-20 13:00:32,21-10-20 13:00:32,active,,edd_discount
Discount -$ for mp3 lease for Chk Dave,Cyv0cJyDjp,,flat,,1,, 00:00, 23:59,active,all,,,,B1gchk42@gmail.com,chkdave_love,21-10-20 13:00:32,21-10-20 13:00:32,active,,edd_discount
Discount -$ for mp3 lease for Alexander,LosDXjaVfb,,flat,,1,, 00:00, 23:59,active,all,,,,Alexanderphantom91@gmail.com,alexander_still,21-10-20 13:00:32,21-10-20 13:00:32,active,,edd_discount
Discount -$ for mp3 lease for nan,,,flat,,1,, 00:00, 23:59,active,all,,,,,nan,21-10-20 13:00:32,21-10-20 13:00:32,active,,edd_discount
