Title	URL Slug	Edd Discount Name	Edd Discount Code	Edd Discount Amount	Edd Discount Type	Edd Discount Uses	Edd Discount Max Uses	Edd Discount Is Single Use	Edd Discount Start	Edd Discount Expiration	Edd Discount Status	Edd Discount Product Condition	Edd Discount Is Not Global	Edd Discount Min Price	Edd Discount Product Reqs	Date	Modified Date	Status	Edd Discount Excluded Products	Post type
{email}	"{username} + ""_"" {SongTitle first word}"	{CouponCodeName}	{couponcode}	30	flat		1		9/28/2021 0:00	6/30/2022 23:59	active	all				9/29/2021 0:10	9/29/2021 0:10	active		edd_discount
{email}	"{username} + ""_"" {SongTitle first word}"	{CouponCodeName}	{couponcode}	30	flat		1		9/28/2021 0:00	6/30/2022 23:59	active	all				9/29/2021 0:10	9/29/2021 0:10	active		edd_discount
{email}	"{username} + ""_"" {SongTitle first word}"	{CouponCodeName}	{couponcode}	30	flat		1		9/28/2021 0:00	6/30/2022 23:59	active	all				9/29/2021 0:10	9/29/2021 0:10	active		edd_discount
{email}	"{username} + ""_"" {SongTitle first word}"	{CouponCodeName}	{couponcode}	30	flat		1		9/28/2021 0:00	6/30/2022 23:59	active	all				9/29/2021 0:10	9/29/2021 0:10	active		edd_discount
